"well_index","Plate001","Plate002","Plate003","Plate004","Plate005","Plate006","Plate007","Plate008","Plate010","Plate009","Plate011"
"001001","DMSO","DMSO","DMSO","DMSO","DMSO","DMSO","DMSO","DMSO","DMSO","?","?"
"001002","DMSO","DMSO","DMSO","DMSO","DMSO","DMSO","DMSO","DMSO","DMSO","?","?"
"001003","Axitinib","Oxybutynin","Tetrandrine","Chlorobutanol","Luliconazole","Eperisone hydrochloride","Lanatoside C","Niraparib (MK-4827) tosylate","Erlotinib HCl (OSI-744)","Perifosine (KRX-0401)","Oxaliplatin"
"001004","Clopidogrel","Terazosin HCl Dihydrate","Icotinib","Methazolamide","Clioquinol","Solifenacin","Cyclopentolate Hydrochloride","Morin","?","Citicholine","?"
"001005","Ridaforolimus (Deforolimus, MK-8669)","Cefditoren Pivoxil","Inosine","Flibanserin","Flufenamic acid","Perospirone hydrochloride","Thioridazine hydrochloride","Monomethyl auristatin E (MMAE)","Marbofloxacin","Galanthamine HBr","Calcium gluconate"
"001006","Tizanidine HCl","Argatroban","Amoxicillin","Bisacodyl","Fenoldopam mesylate","Darunavir","Benazepril","Homoorientin","?","DL-Serine","?"
"001007","Rapamycin (Sirolimus)","Trifluridine","Bethanechol chloride","Vilanterol Trifenate","Tasimelteon","cis-Aconitic acid","Olmesartan","Afatinib (BIBW2992) Dimaleate","Paliperidone","Perindopril Erbumine","Sodium Hyaluronate"
"001008","Tipifarnib","Adiphenine HCl","Fenoprofen calcium hydrate","Methyclothiazide","(+/-)-Sulfinpyrazone","Stiripentol","Baloxavir marboxil","Temocapril","?","L-aspartic Acid","?"
"001009","Masitinib (AB1010)","Simvastatin","Famciclovir","Travoprost","Labetalol HCl","Glycocholic acid","Sodium cholate","Y-39983 HCl","Lornoxicam","Nedaplatin","?"
"001010","Daclatasvir (BMS-790052)","Detomidine HCl","Rofecoxib","Guanabenz Acetate","Prasugrel Hydrochloride","Tiletamine Hydrochloride","Dibutyl sebacate","Ebselen","?","pentetate calcium trisodium hydrate","?"
"001011","Ivacaftor (VX-770)","Nifedipine","Manidipine","Quinidine sulfate","(R)-(+)-Atenolol HCl","Azathramycin","Benzalkonium chloride","Vonoprazan Fumarate (TAK-438)","Hypoxanthine","D-Cycloserine","?"
"001012","Betamethasone","Levosulpiride","Azilsartan Medoxomil","Mequinol","Atipamezole hydrochloride","Amoxicillin trihydrate","2,4-dichlorobenzyl alcohol","Relebactam","?","(R)-Serine","?"
"001013","Danoprevir (ITMN-191)","Proparacaine HCl","Novobiocin Sodium","Palmatine","Clopamide","Tofacitinib (CP-690550) Citrate","Dexrazoxane","CB-5083","Enrofloxacin","Chondroitin sulfate","?"
"001014","Natamycin","Ibutilide Fumarate","Vanillin","Levobetaxolol HCl","Glycopyrrolate","Sodium gualenate","(±)-α-Bisabolol","Trigonelline","?","Rilmenidine Phosphate","?"
"001015","Exemestane","Chloroxine","Quinine HCl Dihydrate","Echinacoside","Metaproterenol Sulfate","Indometacin Sodium","Emedastine","Pimavanserin","Sennoside A","Amiloride HCl dihydrate","?"
"001016","ABT-492(Delafloxacin, RX-3341, WQ-3034)","Bazedoxifene HCl","Indacaterol Maleate","Droperidol","Procaine","4-Allylanisole","Levulinic acid","Pibrentasvir (ABT-530)","?","Leuprorelin Acetate","?"
"001017","Doxorubicin (Adriamycin) HCl","Pefloxacin Mesylate","Sulfadoxine","Stevioside","Procyclidine HCl","Tilorone dihydrochloride","Isoxsuprine hydrochloride","TAS-102","Netupitant","Geneticin (G418 Sulfate)","?"
"001018","Apixaban","Telotristat Etiprate (LX 1606 Hippurate)","Oxybutynin chloride","Closantel","Protirelin","Ceftiofur","Methylamine hydrochloride","Adenine","?","Somatostatin Acetate","?"
"001019","Dexrazoxane HCl (ICRF-187, ADR-529)","Ganciclovir","Phenytoin","Isoquercitrin","Phthalylsulfacetamide","Melitracen hydrochloride","Tropic acid","Anlotinib (AL3818) dihydrochloride","Zofenopril calcium","Creatinine","?"
"001020","Methimazole","Idelalisib (CAL-101, GS-1101)","Sodium salicylate","Pefloxacin Mesylate Dihydrate","Oxybenzone","Fipronil","Ammonium formate","Pyridoxal hydrochloride","?","Foscarnet Sodium","?"
"001021","Temozolomide","Carbidopa","Clomipramine HCl","Allantoin","Proadifen HCl","Clonixin","Carvedilol Phosphate","(R)-(-)-Mandelic acid","Cephalexin","Cesium chloride","?"
"001022","Prednisone","Amygdalin","levalbuterol tartrate","Clorprenaline HCl","2-Deoxy-D-glucose","Imidafenacin","N-Acetyl-L-tyrosine","Palmitoleic acid","?","Lithium carbonate","?"
"001023","DMSO","DMSO","DMSO","DMSO","DMSO","DMSO","DMSO","DMSO","DMSO","?","?"
"001024","DMSO","DMSO","DMSO","DMSO","DMSO","DMSO","DMSO","DMSO","DMSO","?","?"
"002001","DMSO","DMSO","DMSO","DMSO","DMSO","DMSO","DMSO","DMSO","DMSO","?","?"
"002002","DMSO","DMSO","DMSO","DMSO","DMSO","DMSO","DMSO","DMSO","DMSO","?","?"
"002003","Entecavir Hydrate","Diclofenac Sodium","5-Aminolevulinic acid HCl","Protopine","Clofoctol","Pixantrone Maleate","Acetohexamide","Sparteine","?","L-Leucine","?"
"002004","Allopurinol Sodium","Baicalin","Ampicillin sodium","Amfenac Sodium Monohydrate","Acetylcholine iodide","Chlorprothixene hydrochloride","2-Aminoethanethiol","3-Hydroxybenzoic acid","?","?","?"
"002005","Vemurafenib (PLX4032, RG7204)","Pregnenolone","Amoxicillin Sodium","Hederagenin","Mefloquine HCl","Mupirocin calcium","Delapril Hydrochloride","Securinine","?","Sodium Monofluorophosphate","?"
"002006","Ursodiol","Cyclosporin A","Flumequine","Doxycycline Hyclate","Retigabine","Chloramphenicol sodium succinate","Nimorazole","Pentostatin","?","?","?"
"002007","Benazepril HCl","Nystatin (Fungicidin)","Phenacetin","Ginsenoside Rb1","4-Aminobenzoic acid","Sitagliptin","Diclofenac Epolamine","Octyl gallate","?","Clodronate Disodium","?"
"002008","Tretinoin","Ferulic Acid","Reboxetine mesylate","Cetylpyridinium Chloride","Sulfacetamide sodium salt hydrate","Carbaryl","Chlorphenesin","3-Phenoxybenzoic acid","?","?","?"
"002009","Tegafur (FT-207, NSC 148958)","Sulfamethizole","Pioglitazone","Mesterolone","DEET","Geranyl acetate","DL-Norepinephrine hydrochloride","Thymine","?","Chloroquine Phosphate","?"
"002010","Trichlormethiazide","Kaempferol","Triptolide (PG490)","Nifuroxazide","L-5-Hydroxytryptophan","Hyperoside","Docosahexaenoic Acid","Trametinib DMSO solvate","?","?","?"
"002011","Edaravone","Nicorandil","Dehydroepiandrosterone (DHEA)","Flavone","Iopamidol","Lanolin","Methyl Oleate","Phensuximide","?","Sodium ascorbate","?"
"002012","Disulfiram","Nalidixic acid","Pazufloxacin mesylate","Betamipron","Methandrostenolone","Rolapitant","Fosfluconazole","Trometamol hydrochloride","?","?","?"
"002013","Fluvoxamine maleate","Mometasone furoate","Clorsulon","(-)-Borneol","Trimetazidine dihydrochloride","Phytol","Esmolol","Thiothixene","?","Tolmetin Sodium","?"
"002014","Busulfan","Paeonol","Tacrine hydrochloride hydrate","Furaltadone HCl","Atenolol","Rimantadine Hydrochloride","Fipexide hydrochloride","Sodium tauroglycocholate","?","?","?"
"002015","Loratadine","Pyrimethamine","Trametinib (GSK1120212)","L-Tryptophan","Carzenide","Protoporphyrin IX","Rasagiline","Brimonidine","?","Captisol (SBE-β-CD)","?"
"002016","Lamivudine","Salicin","Tauroursodeoxycholic Acid (TUDCA)","Sucralose","Aceclofenac","Atropine sulfate","Hydrocortisone butyrate","Hexaminolevulinate hydrochloride","?","?","?"
"002017","Ruxolitinib (INCB018424)","Ketotifen Fumarate","MK-2048","Sitagliptin phosphate monohydrate","DL-Panthenol","Fructose","Citronellyl acetate","Josamycin","?","L-Glutamic acid monosodium salt","?"
"002018","Adefovir Dipivoxil","Taxifolin (Dihydroquercetin)","Thymopentin","Mexiletine HCl","Rabeprazole","2’-deoxyuridine","Cilengitide?trifluoroacetate","?","?","?","?"
"002019","Omeprazole","Candesartan Cilexetil","MPEP","Hyoscyamine","Triacetin","Enoxacin Sesquihydrate","Vilazodone","Methylprednisolone sodium succinate","?","Sodium carbonate","?"
"002020","Mitotane","Dioscin","Carbendazim","Cepharanthine","Ecabet sodium","Doripenem","Edoxaban tosylate Monohydrate","?","?","?","?"
"002021","Tenofovir Disoproxil Fumarate","Pioglitazone HCl","Camostat Mesilate","Homatropine Methylbromide","Nitroxoline","Coluracetam","17-Beta-Estradiol-3,17-Dipropionate","Homoharringtonine","?","DL-Citrulline","?"
"002022","Guaifenesin","L-carnitine","N-Ethylmaleimide (NEM)","Bromfenac Sodium","Propacetamol hydrochloride","Dimetridazole","Triapine","?","?","?","?"
"002023","DMSO","DMSO","DMSO","DMSO","DMSO","DMSO","DMSO","DMSO","DMSO","?","?"
"002024","DMSO","DMSO","DMSO","DMSO","DMSO","DMSO","DMSO","DMSO","DMSO","?","?"
"003001","ActD_0.3","ActD_0.3","ActD_0.3","ActD_0.3","ActD_0.3","ActD_0.3","ActD_0.3","ActD_0.3","ActD_0.3","?","?"
"003002","ActD_0.3","ActD_0.3","ActD_0.3","ActD_0.3","ActD_0.3","ActD_0.3","ActD_0.3","ActD_0.3","ActD_0.3","?","?"
"003003","Roxadustat (FG-4592)","Enoxacin","Paeoniflorin","Sarpogrelate hydrochloride","Vilazodone HCl","Neticonazole Hydrochloride","Pamabrom","Lomitapide Mesylate","Vandetanib (ZD6474)","Palbociclib (PD-0332991) HCl","Heparin sodium"
"003004","Ranolazine 2HCl","Bromhexine HCl","Carbazochrome sodium sulfonate (AC-17)","Norethindrone","Acetohydroxamic acid","Paroxetine mesylate","Celiprolol hydrochloride","Isorhamnetin","?","UTP, Trisodium Salt","?"
"003005","Gefitinib (ZD1839)","Sulfadiazine","Tolbutamide","Testosterone Enanthate","Vinorelbine Tartrate","Bifendate","Xylazine","Gilteritinib (ASP2215)","Irbesartan","Granisetron HCl","Deferiprone"
"003006","Topiramate","Prulifloxacin (NM441, AF 3013)","Aspirin","Carbimazole","Itopride hydrochloride","Cisapride","Bendamustine","Dracohodin perochlorate","?","DL-Arginine","?"
"003007","Sorafenib Tosylate","Azacitidine","Chlorpromazine HCl","Grazoprevir","Nelfinavir Mesylate","Maltol","Cytarabine hydrochloride","Pexidartinib (PLX3397)","Beta Carotene","Cidofovir","Nisin"
"003008","Atazanavir Sulfate","Procaterol HCl","Niclosamide","Ropivacaine HCl","Chlorotrianisene","Canrenone","Ataluren (PTC124)","Roquinimex","?","L-methionine","?"
"003009","Crizotinib (PF-02341066)","Ramipril","Fenbendazole","Calcipotriene","Diphenidol HCl","Lactobionic acid","Diphenylamine Hydrochloride","Ozanimod (RPC1063)","Vinpocetine","Penicillamine","?"
"003010","Iloperidone","Almotriptan Malate","Cinepazide maleate","Tinidazole","Desogestrel","Estropipate","Lactose","Myristic Acid","?","Ala-Gln","?"
"003011","Docetaxel","Amiloride HCl","Manidipine 2HCl","4-Hydroxybenzoic acid","9-Aminoacridine","Anamorelin","Amsacrine hydrochloride","Vortioxetine (Lu AA21004) HBr","Itraconazole","Sodium butyrate","?"
"003012","Mycophenolate Mofetil","Pantoprazole","Medetomidine HCl","Mefenamic Acid","Atipamezole","Tosufloxacin p-Toluenesulfonate Hydrate","Doxycycline monohydrate","Pemigatinib (INCB054828)","?","(S)-Glutamic acid","?"
"003013","Ritonavir","Pranlukast","Olanzapine","5-Hydroxymethylfurfural","Clorgyline HCl","Fingolimod (FTY720) HCl","Elbasvir","Sotagliflozin (LX4211)","Ambroxol HCl","Donepezil HCl","?"
"003014","Quizartinib (AC220)","Probucol","Chlorthalidone","Loxapine Succinate","Tiagabine hydrochloride","Oxidopamine (hydrobromide)","Acid Red 27","Hypericin","?","Pemetrexed Disodium Hydrate","?"
"003015","Finasteride","Lomustine","Racecadotril","Notoginsenoside R1","Metaraminol Bitartrate","Octenidine Dihydrochloride","Tiaprofenic acid","Oclacitinib?maleate","Retinyl (Vitamin A) Palmitate","Oxacillin sodium monohydrate","?"
"003016","VX-809 (Lumacaftor)","Atropine sulfate monohydrate","2-Thiouracil","Halcinonide","Benzocaine hydrochloride","Metroprolol succinate","Ethanolamine hydrochloride","Ampalex (CX-516)","?","Lypressin Acetate","?"
"003017","Fluorouracil (5-Fluoracil, 5-FU)","Metoprolol Tartrate","Tenoxicam","Dehydroandrographolide","Ractopamine HCl","Nadolol","Chloropyramine hydrochloride","Voxelotor(GBT440, GTx011)","Cetilistat","Solifenacin succinate","?"
"003018","Reserpine","Dichlorphenamide (Diclofenamide)","Doxepin HCl","Clofazimine","Loxoprofen","Safinamide","Tartaric acid","DL-Tartaric acid","?","GHRP-2","?"
"003019","Epirubicin HCl","Roxatidine Acetate HCl","Ciclopirox","Madecassoside","Pinacidil","Phenazine methosulfate","Mexenone","Ripretinib (DCC-2618)","Garenoxacin","Amikacin hydrate","?"
"003020","Metolazone","Eltrombopag Olamine","Methylthiouracil","Sulconazole Nitrate","Succimer","Ethyl Oleate","Rutin hydrate","Maleimide","?","Citric acid trilithium salt tetrahydrate","?"
"003021","Tamoxifen","Valsartan","Phenformin HCl","Lawsone","Pyrilamine Maleate","Thiocolchicoside","Raceanisodamine","2'-Deoxyguanosine monohydrate","?","Ceftazidime","?"
"003022","Acetylcysteine","Andrographolide","Butenafine HCl","Carprofen","Eugenol","Betrixaban","5-Methoxytryptamine","Bis(2-ethylhexyl) phthalate","?","D-Alanine","?"
"003023","ActD_0.3","ActD_0.3","ActD_0.3","ActD_0.3","ActD_0.3","ActD_0.3","ActD_0.3","ActD_0.3","ActD_0.3","?","?"
"003024","ActD_0.3","ActD_0.3","ActD_0.3","ActD_0.3","ActD_0.3","ActD_0.3","ActD_0.3","ActD_0.3","ActD_0.3","?","?"
"004001","BMH-21_2","BMH-21_2","BMH-21_2","BMH-21_2","BMH-21_2","BMH-21_2","BMH-21_2","BMH-21_2","BMH-21_2","?","?"
"004002","BMH-21_2","BMH-21_2","BMH-21_2","BMH-21_2","BMH-21_2","BMH-21_2","BMH-21_2","BMH-21_2","BMH-21_2","?","?"
"004003","Nepafenac","Avobenzone","Daphnetin","Pyrogallol","Digoxigenin","Metadoxine","Acrivastine","Ammonium Glycyrrhizate","?","L-Citrulline","?"
"004004","Zafirlukast","Bergenin","Anagrelide HCl","Penfluridol","Cefotaxime","Tegaserod Maleate","Chloramine-T","Trypan Blue","?","?","?"
"004005","Acarbose","Sulfamethoxazole","Isoprenaline HCl","Astragaloside IV","Eltrombopag","Duloxetine","Fosfosal","Corydaline","?","Flavoxate HCl","?"
"004006","Nitrofural","Cytisine","Amitriptyline HCl","Doxofylline","Retigabine 2HCl","Sultamicillin","Diroximel Fumarete","Enarodustat (JTZ-951)","?","?","?"
"004007","Budesonide","Isoniazid","Zidovudine","(-)-Epicatechin gallate","Aceglutamide","Ceforanide","Nebivolol","1-Indanone","?","Histamine Phosphate","?"
"004008","Phenylbutazone","Glycyrrhizin (Glycyrrhizic Acid)","Triflusal","1-Hexadecanol","Cisapride hydrate","Promazine hydrochloride","Chromium picolinate","Pimethixene maleate","?","?","?"
"004009","Ifosfamide","Sulbactam","Tolvaptan","Maltitol","Dehydroacetic acid","Febantel","Dihydroergotamine Mesylate","Methyl palmitate","?","Ceftriaxone Sodium Trihydrate","?"
"004010","Loteprednol etabonate","Kinetin","Fangchinoline","Penciclovir","alpha-Asarone","Saikosaponin D","Clebopride (malate)","Tetraethylammonium chloride","?","?","?"
"004011","Etodolac","Tamoxifen Citrate","Idebenone","Histamine","6-Acetamidohexanoic acid","Tylosin","D-Mannose","Ergoloid Mesylates","?","Apramycin Sulfate","?"
"004012","Mesalamine","Naringin","Diammonium Glycyrrhizinate","Chlorquinaldol","Nicergoline","Gefarnate","Trandolapril","Propafenone","?","?","?"
"004013","Gatifloxacin","Propylthiouracil","Arecoline HBr","Zinc Undecylenate","Urethane","Aleuritic Acid","Trimetazidine","Haloperidol Decanoate","?","Potassium Canrenoate","?"
"004014","Carbamazepine","(-)-Parthenolide","Methoxyphenamine Hydrochloride","Isosorbide","Saccharin","Desipramine Hydrochloride","Fosphenytoin (disodium)","Remdesivir (GS-5734)","?","?","?"
"004015","Losartan Potassium (DuP 753)","Sulindac","Ibrutinib (PCI-32765)","D-(+)-Trehalose dihydrate","Citiolone","Raffinose","Alprenolol hydrochloride","Tiapride Hydrochloride","?","Glutathione","?"
"004016","Estradiol","Sclareol","Cefepime Dihydrochloride Monohydrate","Valnemulin HCl","Nilutamide","Salbutamol","(±)-Equol","Imidacloprid","?","?","?"
"004017","Isotretinoin","Urapidil HCl","Laquinimod","Lithocholic acid","Ethylvanillin","Naproxen","Cabergoline","Trifluoperazine","?","Sodium ferulate","?"
"004018","Zalcitabine","Troxerutin","Carmustine","Fidaxomicin","Meropenem Trihydrate","Vortioxetine","Ceritinib (LDK378)","?","?","?","?"
"004019","Ondansetron HCl","Phentolamine Mesylate","Alpelisib (BYL719)","Allylthiourea","Butamben","Sulfamethazine Sodium Salt","Sancycline","Avatrombopag","?","L(+)-Asparagine monohydrate","?"
"004020","Methylprednisolone","Diosmetin","Cinnamic acid","Bergapten","Bedaquiline fumarate","Erythromycin estolate","Osimertinib (AZD9291)","?","?","?","?"
"004021","Tenofovir","Captopril","Prucalopride","Homatropine Bromide","Chlormadinone acetate","Adrafinil","Scopolamine HBr trihydrate","Quillaic acid","?","Homotaurine","?"
"004022","Rifabutin","Naringin Dihydrochalcone","2,6-Dihydroxypurine","Flopropione","Xanthinol Nicotinate","1, 10-Phenanthroline monohydrate","(S)-crizotinib","?","?","?","?"
"004023","BMH-21_2","BMH-21_2","BMH-21_2","BMH-21_2","BMH-21_2","BMH-21_2","BMH-21_2","BMH-21_2","BMH-21_2","?","?"
"004024","BMH-21_2","BMH-21_2","BMH-21_2","BMH-21_2","BMH-21_2","BMH-21_2","BMH-21_2","BMH-21_2","BMH-21_2","?","?"
"005001","CAM_25","CAM_25","CAM_25","CAM_25","CAM_25","CAM_25","CAM_25","CAM_25","CAM_25","?","?"
"005002","CAM_25","CAM_25","CAM_25","CAM_25","CAM_25","CAM_25","CAM_25","CAM_25","CAM_25","?","?"
"005003","Selumetinib (AZD6244)","Pitavastatin Calcium","Geniposide","Ethopabate","Tamibarotene","Cefathiamidine","(-)-Sparteine Sulfate","Lomitapide","Imiquimod","Pemetrexed (LY-231514) disodium","Risedronate Sodium"
"005004","Repaglinide","Lovastatin","Clevudine","Olsalazine Sodium","Gallic acid","lenvatinib Mesylate","Olanexidine Hydrochloride semihydrate","Eriodictyol","?","Loxoprofen Sodium","?"
"005005","Imatinib Mesylate (STI571)","Chlorprothixene","Levosimendan","Leuprolide Acetate","Oxiracetam","Cytosine","Triflupromazine hydrochloride","Sunitinib","Norfloxacin","Biapenem","D-Phenylalanine"
"005006","Tranilast","Seratrodast(AA-2414, ABT-001)","Niflumic acid","Valdecoxib","Cefuroxime sodium","Dasatinib hydrochloride","Bepotastine","Peimine","?","L-Asparagine","?"
"005007","Sunitinib Malate","Vidarabine","Clindamycin HCl","Iron sucrose","Cyclobenzaprine HCl","Farnesol","Cinnamyl acetate","Cyclo (-RGDfK)","Flubendazole","Ibuprofen Lysine","Fosinopril Sodium"
"005008","VX-745","Duloxetine HCl","Linagliptin","Sodium Nitroprusside Dihydrate","Diazoxide","Tedizolid","Imidazole","Tirapazamine","?","L-arginine","?"
"005009","Vismodegib (GDC-0449)","Fenofibrate","Fluocinolone Acetonide","Benznidazole","Promethazine HCl","Tropine","(+)-Longifolene","ETC-1002","Neratinib (HKI-272)","Etidronate","?"
"005010","HMN-214","Ambrisentan","Azilsartan","Guanidine HCl","Brexpiprazole","Ceftezole","(+)-(S)-Carvone","Pleconaril","?","L-Hydroxyproline","?"
"005011","Paclitaxel","Amlodipine Besylate","Milrinone","Betaine","Anisindione","Sorbic acid","Cefotiam Hexetil Hydrochloride","Empagliflozin (BI 10773)","7-Aminocephalosporanic acid","Taurine","?"
"005012","Dyphylline","Flunixin Meglumin","Epinephrine HCl","Ticagrelor","Etoricoxib","Carglumic Acid","Diclofenac acid","Treprostinil sodium","?","Sodium phytate hydrate","?"
"005013","Anastrozole","Oxfendazole","Olopatadine HCl","Tyrosol","Disopyramide Phosphate","Tacrolimus (FK506)","Indigo carmine","Acalabrutinib (ACP-196)","Cefadroxil hydrate","Neostigmine Bromide","?"
"005014","Telaprevir (VX-950)","Arbidol HCl","Dexmedetomidine","Flumethasone","Atazanavir","Nitisinone","Brucine sulfate heptahydrate","Cynarin","?","DL-Methionine","?"
"005015","Cladribine","Chenodeoxycholic Acid","Ribavirin","Carvacrol","Methoxamine HCl","Ioversol","Ranitidine","Enasidenib (AG-221)","Clopidol","Neomycin sulfate","?"
"005016","Pomalidomide","Roflumilast","Moguisteine","Dexlansoprazole","Dimenhydrinate","Vanillic acid","Phthalic acid","Antineoplaston A10","?","Octreotide Acetate","?"
"005017","Methotrexate","Dienestrol","Vardenafil HCl Trihydrate","Imperatorin","Terfenadine","Efinaconazole","Mivacurium chloride","Tofogliflozin(CSG 452)","Mebhydrolin napadisylate","Palonosetron HCl","?"
"005018","Furosemide","Ixazomib (MLN2238)","Ornidazole","Estradiol Benzoate","Sildenafil Mesylate","Regadenoson","Pentadecanoic acid","Menthone","?","Nafarelin Acetate","?"
"005019","Etoposide","Protionamide","Dopamine HCl","Eupatilin","Suxibuzone","Valethamate Bromide","Levomilnacipran Hydrochloride","Zanubrutinib (BGB-3111)","Mirogabalin (DS-5565)","Tripelennamine HCl","?"
"005020","Cefoperazone","Esomeprazole sodium","Milnacipran HCl","Tilmicosin","Guanfacine Hydrochloride","Lactitol","Glycolic acid","Pyruvic acid","?","Hyaluronic acid","?"
"005021","Vincristine sulfate","Dipyridamole","Ceftiofur HCl","Galanthamine","Fosfomycin Tromethamine","Granisetron","Norgestrel","Sanguinarine","?","Penicillin V potassium salt","?"
"005022","Ethinyl Estradiol","Apigenin","Mepivacaine HCl","Dropropizine","Oleic Acid","Betrixaban maleate","2-Ethyl-3-hydroxy-4H-pyran-4-one","N-Acetyl-D-mannosamine","?","Lanreotide acetate","?"
"005023","CAM_25","CAM_25","CAM_25","CAM_25","CAM_25","CAM_25","CAM_25","CAM_25","CAM_25","?","?"
"005024","CAM_25","CAM_25","CAM_25","CAM_25","CAM_25","CAM_25","CAM_25","CAM_25","CAM_25","?","?"
"006001","CX-5461_10","CX-5461_10","CX-5461_10","CX-5461_10","CX-5461_10","CX-5461_10","CX-5461_10","?","CX-5461_10","?","?"
"006002","CX-5461_10","CX-5461_10","CX-5461_10","CX-5461_10","CX-5461_10","CX-5461_10","CX-5461_10","CX-5461_10","CX-5461_10","?","?"
"006003","Rufinamide","Amlodipine","Clarithromycin","L-Rhamnose monohydrate","Diperodon HCl","Daclatasvir Digydrochloride","Ceftizoxime sodium","Catharanthine hemitartrate","?","L-Theanine","?"
"006004","Erythromycin","Berberine chloride","Antipyrine","Ethamsylate","(+)-Catechin","Dasabuvir(ABT-333)","Salicylamide","DOTAP chloride","?","?","?"
"006005","Adapalene","Sulfisoxazole","Medroxyprogesterone acetate","Bulleyaconi cine A","Calcium D-Panthotenate","Donepezil","Alimemazine Tartrate","3-n-Butylphathlide","?","Dexamethasone Sodium Phosphate","?"
"006006","Ketoprofen","Daidzin","Adrenalone HCl","Benzydamine HCl","Salvianolic acid B","Ertugliflozin","Cevimeline","Saroglitazar","?","?","?"
"006007","Bumetanide","Levofloxacin","Quinapril HCl","Forsythin","Acetylleucine","Vitamin K2","Palonosetron","D-(+)-Raffinose pentahydrate","?","Succinylcholine Chloride Dihydrate","?"
"006008","Ezetimibe","gossypol-Acetic acid","Trifluoperazine 2HCl","Sulfaguanidine","Corticosterone","Metoprolol","Triclocarban","Ensulizole","?","?","?"
"006009","Megestrol Acetate","Tolfenamic Acid","Pramiracetam","Tannic acid","2-Ethoxybenzamide","Rafoxanide","Abametapir","Ligustilide","?","Sodium Gluconate","?"
"006010","Aminoglutethimide","L-(+)-Rhamnose Monohydrate","Berbamine (dihydrochloride)","Tiratricol","Harmaline","Curculigoside","Glycyrrhetinic acid","Sodium nitroprusside","?","?","?"
"006011","Etomidate","Cyclocytidine HCl","Mifepristone","Veratric acid","Methylene Blue","Ademetionine","Sodium Dehydrocholate","Mecamylamine Hydrochloride","?","Isepamicin Sulphate","?"
"006012","Ipratropium Bromide","Neohesperidin Dihydrochalcone (Nhdc)","Ceftibuten dihydrate","Broxyquinoline","Daminozide","Dantrolene sodium","Thonzylamine","Beclamide","?","?","?"
"006013","Genistein","Capsaicin(Vanilloid)","Noradrenaline bitartrate monohydrate","Pyridoxine","Xylitol","Taurocholic acid sodium salt hydrate","Prazosin","Penbutolol Sulfate","?","Hydroxychloroquine Sulfate","?"
"006014","Hydrocortisone","Piperine","Osalmid","Cysteamine HCl","Diastase","Fluorometholone","uridine triacetate","Olodaterol (BI 1744)","?","?","?"
"006015","Amonafide","Pramipexole 2HCl Monohydrate","Nilvadipine","Guaiazulene","Cloxiquine","Thymol","Allopregnanolone","Protriptyline hydrochloride","?","L-Ornithine hydrochloride","?"
"006016","Deferasirox","Silibinin","Piribedil","Liothyronine Sodium","Ibudilast","Iopanoic acid","Cyclothiazide","Miglustat","?","?","?"
"006017","Lopinavir","Diclazuril","Tofacitinib (CP-690550,Tasocitinib)","Ethambutol 2HCl","Fluphenazine dihydrochloride","Ropivacaine Mesilate","Cinitapride Hydrogen Tartrate","(-)-Fenchone","?","Danshensu","?"
"006018","Azathioprine","Ursolic Acid","Cefsulodin sodium","Fluorometholone Acetate","Faropenem Sodium","Trimebutine maleate","Zotarolimus(ABT-578)","?","?","?","?"
"006019","Oxcarbazepine","Nimesulide","Clindamycin","Sennoside B","Butylparaben","4-Aminosalicylic acid","Lercanidipine","Brequinar","?","L-Threonine","?"
"006020","Meloxicam","D-Mannitol","Vitamin E Acetate","Doxylamine Succinate","Iproniazid","Cinchocaine","Rilpivirine","?","?","?","?"
"006021","Tigecycline","Oxytetracycline Dihydrate","4-Aminohippuric Acid","Hydroxyzine 2HCl","Cephalothin","Boldenone","D-Carnitine hydrochloride","AKBA","?","Calcium folinate","?"
"006022","Nevirapine","Polydatin","Glucosamine hydrochloride","Sulfamethoxypyridazine","Sulfamethoxazole sodium","D-Ribose","Trelagliptin","?","?","?","?"
"006023","CX-5461_10","CX-5461_10","CX-5461_10","CX-5461_10","CX-5461_10","CX-5461_10","CX-5461_10","CX-5461_10","CX-5461_10","?","?"
"006024","CX-5461_10","CX-5461_10","CX-5461_10","CX-5461_10","CX-5461_10","CX-5461_10","CX-5461_10","CX-5461_10","CX-5461_10","?","?"
"007001","DIN_5","DIN_5","DIN_5","DIN_5","DIN_5","DIN_5","DIN_5","DIN_5","DIN_5","?","?"
"007002","DIN_5","DIN_5","DIN_5","DIN_5","DIN_5","DIN_5","DIN_5","DIN_5","DIN_5","?","?"
"007003","Nintedanib (BIBF 1120)","Rifapentine","Ipriflavone (Osteofix)","Sulfachloropyridazine","Efaproxiral Sodium","Calcium Dobesilate","D-Pantothenate Sodium","Peficitinib (ASP015K, JNJ-54781532)","Camptothecin","Gemcitabine HCl","Disodium Cromoglycate"
"007004","Rolipram","Tiopronin","Rivaroxaban","Nafcillin Sodium","Levofloxacin hydrate","Lapatinib ditosylate monohydrate","Olodaterol hydrochloride","Harpagoside","?","Sodium succinate","?"
"007005","Lapatinib (GW-572016) Ditosylate","Oxytetracycline (Terramycin)","Equol","Topiroxostat","Rotigotine","Elagolix Sodium","Dapagliflozin propanediol monohydrate","Dasatinib Monohydrate","Risperidone","Dorzolamide HCl","Minocycline HCl"
"007006","Venlafaxine HCl","Rosiglitazone HCl","Ciclopirox ethanolamine","Valganciclovir HCl","3,4-Diaminopyridine","Nicardipine","Bromhexine","Fargesin","?","Creatine","?"
"007007","Temsirolimus (CCI-779, NSC 683864)","Verteporfin","Clonidine HCl","Metaxalone","Chloroprocaine HCl","Nonanoic acid","Citronellal","Cyclo(RGDyK)","Oxibendazole","Palbociclib (PD0332991) Isethionate","?"
"007008","Moxifloxacin HCl","Trimebutine","Vildagliptin (LAF-237)","Erythromycin Ethylsuccinate","Prochlorperazine dimaleate salt","Fendiline hydrochloride","Bisphenol A","Isopropyl myristate","?","L-cysteine","?"
"007009","Belinostat (PXD101)","Ranolazine","Gallamine Triethiodide","Cholic acid","Procainamide HCl","Buparvaquone","Hippuric acid","CP21R7 (CP21)","Sitafloxacin Hydrate","Tranexamic Acid","?"
"007010","Naratriptan HCl","Bexarotene","Otilonium Bromide","Griseofulvin","Lesinurad","sulfaisodimidine","Saccharin sodium salt hydrate","Rubitecan","?","Gastrodenol","?"
"007011","Capecitabine","Chlorpheniramine Maleate","Mitoxantrone 2HCl","Methyl salicylate","Anisotropine Methylbromide","Tiamulin fumarate","Cefozopran hydrochloride","Apremilast (CC-10004)","Trazodone HCl","Clindamycin Phosphate","?"
"007012","Aztreonam","Imidapril HCl","Diclofenac Potassium","Triamterene","Sulisobenzone","6-Methoxy-2-naphthoic acid","2-Methylhexanoic acid","Astemizole","?","Chlorophyllin (sodium copper salt)","?"
"007013","Aprepitant","Carvedilol","Ozagrel","Dehydroandrographolide Succinate Potasium Salt","Ethoxzolamide","Pimecrolimus","Indacaterol","Resiquimod","Bilastine","Salbutamol Sulfate","?"
"007014","Saxagliptin","Dextrose","Tazobactam","Halobetasol Propionate","Fusidate Sodium","Dolasetron","Amylmetacresol","Gossypol","?","L-serine","?"
"007015","Decitabine","Cimetidine","Rosiglitazone maleate","Succinic acid","Meticrane","Crisaborole (AN2728)","Minaprine dihydrochloride","Ivosidenib (AG-120)","Chlortetracycline HCl","Streptomycin sulfate","?"
"007016","Tazarotene","Sonidegib (Erismodegib, NVP-LDE225)","Nadifloxacin","Esmolol HCl","Etonogestrel","Nerolidol","o-Toluic acid","Ticlopidine","?","Alarelin Acetate","?"
"007017","Bendamustine HCl","Diethylstilbestrol","Xylazine HCl","Scutellarin","Thiostrepton","Mebeverine Hydrochloride","Dolasetron Mesylate","Omarigliptin (MK-3102)","6-Aminopenicillanic acid","Miltefosine","?"
"007018","Olmesartan Medoxomil","Ixazomib Citrate (MLN9708)","Dexamethasone Acetate","Dicloxacillin Sodium","Efavirenz","Butoconazole","Sodium dehydroacetate","Malonic acid","?","Desmopressin Acetate","?"
"007019","Raloxifene HCl","Idoxuridine","Ritodrine HCl","Panaxatriol","Carbenoxolone Sodium","Actarit","Isopropamide Iodide","HS-10296","Tazemetostat (EPZ-6438)","Ibandronate sodium","?"
"007020","Silodosin","Fesoterodine Fumarate","Darifenacin HBr","Timolol Maleate","D panthenol","Ethoxyquin","(−)-β-Pinene","Glutaric acid","?","Latamoxef sodium","?"
"007021","Agomelatine","Hydroxyurea","Tiotropium Bromide hydrate","Harmine","Bendroflumethiazide","Imazalil","Ambroxol","Wedelolactone","?","Pirenzepine dihydrochloride","?"
"007022","Naproxen Sodium","Arbutin","Ethynodiol diacetate","Cyclizine 2HCl","Latanoprost","Mepivacaine","Glycerol Tri-n-octanoate","Oxiglutatione","?","Levoleucovorin calcium","?"
"007023","DIN_5","DIN_5","DIN_5","DIN_5","DIN_5","DIN_5","DIN_5","DIN_5","DIN_5","?","?"
"007024","DIN_5","DIN_5","DIN_5","DIN_5","DIN_5","DIN_5","DIN_5","DIN_5","DIN_5","?","?"
"008001","DOX_5","DOX_5","DOX_5","DOX_5","DOX_5","DOX_5","DOX_5","DOX_5","DOX_5","?","?"
"008002","DOX_5","DOX_5","DOX_5","DOX_5","DOX_5","DOX_5","DOX_5","DOX_5","DOX_5","?","?"
"008003","Posaconazole","Metronidazole","Rosiglitazone","Arteether","Oxeladin Citrate","Trelagliptin succinate","Glecaprevir","Aristolochic acid A","?","Sodium Demethylcantharidate","?"
"008004","Amphotericin B","Caffeic Acid","Atomoxetine HCl","Chlorzoxazone","(-)Epicatechin","Ombitasvir (ABT-267)","Octisalate","Lanreotide","?","?","?"
"008005","Altretamine","Crystal Violet","Phenylephrine HCl","Catalpol","6-Mercaptopurine (6-MP) Monohydrate","Argatroban Monohydrate","Sebacic acid","Germacrone","?","Colistin Sulfate","?"
"008006","Ketorolac","Dihydroartemisinin (DHA)","Azatadine dimaleate","Chlorpropamide","Trapidil","Diflucortolone valerate","Udenafil","Fluzoparib (SHR-3162)","?","?","?"
"008007","Carmofur","Enalapril Maleate","Thiamphenicol","Swertiamarin","Ademetionine disulfate tosylate","Lentinan","Quetiapine","2'-Deoxyadenosine monohydrate","?","Terbutaline Sulfate","?"
"008008","Enalaprilat Dihydrate","Gramine","Catharanthine","Trometamol","Ganoderic acid A","Quinacrine Dihydrochloride Dihydrate","Carazolol","Emamectin Benzoate","?","?","?"
"008009","Mercaptopurine (6-MP)","Pranoprofen","Clindamycin palmitate HCl","Tetramethylpyrazine","Ethylparaben","SulfadiMethoxine sodium","Baricitinib phosphate","Rhynchophylline","?","Nefopam HCl","?"
"008010","Aminophylline","Lappaconitine","(+)-Fangchinoline","Domiphen Bromide","Menadiol Diacetate","Verbascoside","Flurbiprofen Axetil","Iohexol","?","?","?"
"008011","Felbamate","Meglumine","Buflomedil HCl","Vindoline","Nitrofurantoin","alpha-Arbutin","Alfuzosin","Ethotoin","?","Micafungin Sodium","?"
"008012","Sulfanilamide","Neohesperidin","Tyramine","Ethacridine lactate monohydrate","Thymidine","Cloperastine hydrochloride","Fluralaner","Efonidipine hydrochloride monoethanolate","?","?","?"
"008013","Glimepiride","Fluticasone propionate","Fostamatinib (R788)","Batyl alcohol","8-Hydroxyquinoline","Casanthranol","Raloxifene","Oxtriphylline","?","Dihydrostreptomycin sulfate","?"
"008014","Desonide","Puerarin","Amitraz","Clofibric Acid","Maltose","Cefoperazone sodium","fluticasone furoate","Triheptanoin","?","?","?"
"008015","Acitretin","Suplatast Tosylate","Dacomitinib (PF299804, PF299)","Thioctic acid","Danthron","Doxycycline","Relugolix","Farrerol","?","Cefradine","?"
"008016","Piroxicam","Silymarin","Promestriene","Azaperone","Acotiamide hydrochloride","Betahistine mesylate","Fursultiamine","?","?","?","?"
"008017","Meropenem","Uridine","Istradefylline","Pentamidine isethionate","Halothane","Diaveridine","Ethacrynate Sodium","Lasmiditan succinate","?","Creatine phosphate disodium salt","?"
"008018","Indomethacin","Yohimbine HCl","Quinestrol","Oxybuprocaine HCl","Dalbavancin","Dehydroepiandrosterone acetate","Marimastat (BB-2516)","?","?","?","?"
"008019","Pirarubicin","Dyclonine HCl","Epiandrosterone","Avanafil","Succinylsulfathiazole","Imidazolidinyl Urea","Metoclopramide","Belotecan (CKD-602) hydrochloride","?","Choline Glycerophosphate","?"
"008020","Mesna","Evodiamine","Methacholine chloride","Cetrimonium Bromide (CTAB)","TriacetonaMine","Moxifloxacin","Sorafenib","?","?","?","?"
"008021","Trilostane","Cytidine","Acesulfame Potassium","Aclidinium Bromide","Cefazolin Sodium","Erythromycin thiocyanate","Khellin","Cimifugin","?","D-Pantethine","?"
"008022","NEXIUM (esomeprazole magnesium)","Quercetin","Mafenide hydrochloride","Mechlorethamine HCl","Cefodizime Sodium","Sulfacetamide","Lorlatinib?(PF-6463922)","?","?","?","?"
"008023","DOX_5","DOX_5","DOX_5","DOX_5","DOX_5","DOX_5","DOX_5","DOX_5","DOX_5","?","?"
"008024","DOX_5","DOX_5","DOX_5","DOX_5","DOX_5","DOX_5","DOX_5","DOX_5","DOX_5","?","?"
"009001","DRB_200","DRB_200","DRB_200","DRB_200","DRB_200","DRB_200","DRB_200","DRB_200","DRB_200","?","?"
"009002","DRB_200","DRB_200","DRB_200","DRB_200","DRB_200","DRB_200","DRB_200","DRB_200","DRB_200","?","?"
"009003","Afatinib (BIBW2992)","Suprofen","(S)-10-Hydroxycamptothecin","Carbasalate Calcium","Etofibrate","Lynestrenol","Tetrahydropalmatine","Obeticholic Acid","Ketoconazole","Carboplatin","Adenine sulfate"
"009004","Sildenafil Citrate","Balofloxacin","Prostaglandin E2 (PGE2)","Tetrahydrozoline HCl","2,2′-Dihydroxy-4-methoxybenzophenone","Ruxolitinib Phosphate","Pitolisant hydrochloride","Ruscogenin","?","Guanethidine Monosulfate","?"
"009005","Lenalidomide (CC-5013)","Thioguanine","Amantadine HCl","Isavuconazole","Bambuterol HCl","Sulfogaiacol","Trimethadione","Combretastatin A4","Sulfapyridine","Mizoribine","Alosetron Hydrochloride"
"009006","Voriconazole","Atorvastatin Calcium","Rimonabant","Nabumetone","Methylbenactyzine Bromide","Benproperine phosphate","Butenafine","Casticin","?","L-Valine","?"
"009007","Vorinostat (SAHA, MK0683)","Teniposide","Clozapine","Tipiracil hydrochloride","Ospemifene","Fumaric acid","Vitamin A","Eliglustat","Irsogladine","Alendronate sodium trihydrate","?"
"009008","Calcitriol","Ivabradine HCl","Daunorubicin HCl","Levobupivacaine HCl","Isosorbide Mononitrate","Dapiprazole Hydrochloride","Sodium L-lactate","Sevoflurane","?","Clodronate disodium tetrahydrate","?"
"009009","Rucaparib (AG-014699,PF-01367338) phosphate","Ranitidine Hydrochloride","Hexestrol","Balsalazide disodium","Meclofenamate Sodium","Iminostilbene","Betahistine","Larotrectinib (LOXO-101) sulfate","R788 (Fostamatinib) Disodium","Levamisole hydrochloride","?"
"009010","Ponatinib (AP24534)","Temocapril HCl","Bosentan Hydrate","Decamethonium Bromide","Tedizolid Phosphate","Diazolidinyl urea","Phenylglyoxylic acid","Ansamitocin p-3 (Maytansinol isobutyrate, NSC292222)","?","Bendazac L-lysine","?"
"009011","PA-824","Clofibrate","Moroxydine HCl","Sinomenine hydrochloride","Auranofin","Valpromide","Rhodamine B","Cobimetinib (GDC-0973, RG7420)","Oseltamivir Phosphate","Lisinopril dihydrate","?"
"009012","Alprostadil","Lapatinib","Diclofenac Diethylamine","Sulfacetamide Sodium","Sulpiride","Bromisoval","(±)-α-Tocopherol","AG-120 (racemic)","?","Sugammadex (sodium)","?"
"009013","Bicalutamide","Atracurium Besylate","Pancuronium dibromide","Ligustrazine hydrochloride","Isoetharine Mesylate","Cefotiam hydrochloride","Venlafaxine","Radotinib","Sodium Aescinate","Tobramycin","?"
"009014","Febuxostat","Xylose","Beclomethasone dipropionate","Fenspiride HCl","Molsidomine","Meisoindigo","p-Toluenesulfonic acid monohydrate","Clozapine N-oxide","?","Adenosine disodium triphosphate","?"
"009015","Dutasteride","Clemastine Fumarate","Roxithromycin","Palmitic acid","Oxethazaine","Simeprevir","Orphenadrine Hydrochloride","Olmutinib (HM61713, BI 1482694)","Amoxapine","Vancomycin HCl","?"
"009016","Fasudil (HA-1077) HCl","Dabigatran Etexilate","Pidotimod","Voglibose","Hydroxyprogesterone caproate","Cefpodoxime proxetil","Sodium lauryl sulfate","Carbetapentane","?","Atosiban Acetate","?"
"009017","Nelarabine","Diltiazem HCl","Maprotiline HCl","Ginsenoside Re","Tacrine HCl","Etofylline","(-)-Verbenone","Tucidinostat (Chidamide)","Alectinib hydrochloride","Danofloxacin Mesylate","?"
"009018","Cefdinir","Phenprocoumon","Trimethoprim","Desvenlafaxine Succinate","Vitamin E","Diflorasone","L-Lactic acid","Deoxycholic acid sodium salt","?","Angiotensin II human Acetate","?"
"009019","Fludarabine Phosphate","Sparfloxacin","Isoconazole nitrate","D-Galactose","Dicyclomine HCl","Tiamulin","Ketorolac tromethamine salt","Omadacycline tosylate","Indoximod (NLG-8189）","Abacavir sulfate","?"
"009020","Riluzole","Abiraterone Acetate","Entacapone","Tolazoline HCl","CarbinoxaMine Maleate","Ajmaline","Sodium Thiocyanate","Amiloxate","?","Estramustine phosphate sodium","?"
"009021","Latrepirdine 2HCl","Potassium Iodide","Trospium chloride","D-Pinitol","Bentiromide","Rifamycin sodium salt","Pravastatin","Berberine","?","Imipenem","?"
"009022","Nitazoxanide","Artemether","Sertaconazole nitrate","Dinitolmide","Esculetin","Cyclofenil","D-Glucuronic acid","Ceftaroline Fosamil","?","L-Histidine monohydrochloride monohydrate","?"
"009023","DRB_200","DRB_200","DRB_200","DRB_200","DRB_200","DRB_200","DRB_200","DRB_200","DRB_200","?","?"
"009024","DRB_200","DRB_200","DRB_200","DRB_200","DRB_200","DRB_200","DRB_200","DRB_200","DRB_200","?","?"
"010001","ETO_500","ETO_500","ETO_500","ETO_500","ETO_500","ETO_500","ETO_500","ETO_500","ETO_500","?","?"
"010002","ETO_500","ETO_500","ETO_500","ETO_500","ETO_500","ETO_500","ETO_500","ETO_500","ETO_500","?","?"
"010003","Prasugrel","Flutamide","Terbinafine HCl","Isopsoralen","Pasiniazid","Ganciclovir sodium","Oxantel Pamoate","Melamine","?","L-Lysine hydrochloride","?"
"010004","Ibuprofen","Chlorogenic Acid","Betahistine 2HCl","Bezafibrate","Benzenesulfonamide","Paritaprevir (ABT-450)","Tulobuterol hydrochloride","Insulin (human)","?","?","?"
"010005","Amisulpride","Haloperidol","Prednisolone Acetate","α-Hederin","Vinblastine sulfate","Acotiamide","Stearic acid","Topotecan","?","Gentamicin Sulfate","?"
"010006","Adenosine","DL-Carnitine HCl","(+,-)-Octopamine HCl","Cyromazine","Psoralen","Metyrapone","Mequitazine","Indocyanine green","?","?","?"
"010007","Cetirizine DiHCl","Menadione","Clobetasol propionate","Liquiritin","(+)-Camphor","Carbazochrome","Deferoxamine mesylate","Oxalic acid","?","Mildronate","?"
"010008","Dofetilide","Hesperetin","Meptazinol HCl","Uracil","Betulin","Berberine Sulfate","Ibuprofen piconol","Ixazomib citrate","?","?","?"
"010009","Streptozotocin (STZ)","Sulphadimethoxine","L-Thyroxine","Gamma-Oryzanol","Fenbufen","Pralidoxime Iodide","Methyl Stearate","Yangonin","?","Paromomycin Sulfate","?"
"010010","Lubiprostone","Luteolin","Rosmarinic acid","Salicylanilide","Benzyl isothiocyanate","Aucubin","Nifurtimox","Etomidate hydrochloride","?","?","?"
"010011","Fluconazole","Aripiprazole","Fluocinonide","Fusidine","Pantoprazole sodium","Propyl gallate","Aliskiren","Benzonatate","?","Amifostine","?"
"010012","Betamethasone Dipropionate","Oleanolic Acid","Tryptamine","Bemegride","Ceftizoxime","Clidinium Bromide","Tinoridine hydrochloride","DL-Carnitine","?","?","?"
"010013","Ivermectin","Lacidipine","5-hydroxymethyl Tolterodine (PNU 200577, 5-HMT, 5-HM)","Caryophyllene oxide","Aminoguanidine hydrochloride","D(-)-Arabinose","Doxazosin","Valbenazine tosylate","?","Sisomicin sulfate","?"
"010014","Didanosine","Quercetin Dihydrate","Sulfamonomethoxine","Chromocarb","Piperonyl butoxide","Fluorescein","Doravirine (MK-1439)","Dipivefrin Hydrochloride","?","?","?"
"010015","Daptomycin","Mirtazapine","Fedratinib (SAR302503, TG101348)","Oxaceprol","Dehydrocholic acid","7-Methoxycoumarin","Choline Fenofibrate","Anisodamine Hydrobromide","?","Sildenafil","?"
"010016","Gemcitabine","Sinomenine","Fludrocortisone acetate","Benzbromarone","Mosapride","Amodiaquine hydrochloride","Binimetinib (MEK162, ARRY-162, ARRY-438162)","?","?","?","?"
"010017","Mianserin HCl","Flunarizine 2HCl","Torcetrapib","Mirabegron","Hexylresorcinol","Sulbutiamine","Frovatriptan Succinate","Fosamprenavir calcium salt","?","Glycylglycine","?"
"010018","Terbinafine","5-hydroxytryptophan (5-HTP)","Cefonicid sodium","Oxaprozin","Levocetirizine Dihydrochloride","Penicillin G Procaine","abemaciclib (LY2835219)","?","?","?","?"
"010019","Pizotifen Malate","Cyproterone Acetate","Apalutamide?(ARN-509)","Sodium Picosulfate","Pentylenetetrazol","Piroctone Olamine","Metronidazole Benzoate","Besifovir","?","Timonacic","?"
"010020","Methocarbamol","Gastrodin","4-Biphenylacetic acid","Deoxycorticosterone acetate","Indole-3-carboxylic acid","Tizanidine","Ascomycin (FK520)","?","?","?","?"
"010021","Vecuronium Bromide","Orphenadrine Citrate","Cobicistat (GS-9350)","Diphemanil Methylsulfate","Cefixime","Minoxidil sulphate","Edrophonium chloride","Boldine","?","Ozagrel sodium","?"
"010022","Nicotinic Acid","Sorbitol","Nortriptyline hydrochloride","Epinastine HCl","Pyridoxal 5-phosphate monohydrate","Hydroxylammonium chloride","Erythromycin Cyclocarbonate","?","?","?","?"
"010023","ETO_500","ETO_500","ETO_500","ETO_500","ETO_500","ETO_500","ETO_500","ETO_500","ETO_500","?","?"
"010024","ETO_500","ETO_500","ETO_500","ETO_500","ETO_500","ETO_500","ETO_500","ETO_500","ETO_500","?","?"
"011001","FLA_1.2","FLA_1.2","FLA_1.2","FLA_1.2","FLA_1.2","FLA_1.2","FLA_1.2","FLA_1.2","FLA_1.2","?","?"
"011002","FLA_1.2","FLA_1.2","FLA_1.2","FLA_1.2","FLA_1.2","FLA_1.2","FLA_1.2","FLA_1.2","FLA_1.2","?","?"
"011003","Bortezomib (PS-341)","Pyrazinamide","Rotundine","Moxidectin","Nicaraven","Taurolidine","Midecamycin","Ruboxistaurin (LY333531 HCl)","Cefoselis Sulfate","Leucovorin Calcium Pentahydrate","Azasetron HCl"
"011004","Sumatriptan Succinate","Lafutidine","Paroxetine HCl","Toltrazuril","Diflunisal","Raltegravir potassium","Proguanil","Vitexin","?","Spermine Tetrahydrochloride","?"
"011005","Panobinostat (LBH589)","Thiotepa","Amfebutamone (Bupropion) HCl","Ramosetron Hydrochloride","Carteolol HCl","Propiverine hydrochloride","Tocofersolan","Fumagillin","Methyldopa","Polymyxin B sulphate","Piperaquine phosphate"
"011006","Zileuton","Famotidine","Cabazitaxel","Sertraline HCl","5,5-Dimethyloxazolidine-2,4-dione","Doxapram","Amodiaquine","Gelsemine","?","L-Proline","?"
"011007","Entinostat (MS-275)","Tetrabenazine (Xenazine)","Pramipexole","Avibactam sodium","Anidulafungin (LY303366)","Usnic acid","α-Terpineol","Tenofovir Alafenamide (GS-7340)","Sarafloxacin HCl","Cytarabine","?"
"011008","Doxercalciferol","Rivastigmine Tartrate","Pravastatin sodium","Ronidazole","Sodium sulfadiazine","Lactitol monohydrate","Acetamide","Fabomotizole hydrochloride","?","Lodoxamide Tromethamine","?"
"011009","Cabozantinib (XL184, BMS-907351)","Acetylcholine Chloride","Imatinib (STI571)","Lumefantrine","Salmeterol Xinafoate","Fimasartan","Cilastatin","Favipiravir (T-705)","Ketanserin","Ticlopidine HCl","?"
"011010","Fludarabine","Gabexate Mesylate","Rupatadine Fumarate","Sodium 4-Aminosalicylate","Ciclesonide","Nimustine Hydrochloride","(S)-(−)-Limonene","Dithiothreitol (DTT)","?","Creatine monohydrate","?"
"011011","Lenvatinib (E7080)","Fenoprofen Calcium","Mycophenolic acid","Norcantharidin","Benzthiazide","Methylcobalamin","Emedastine Difumarate","Venetoclax (ABT-199, GDC-0199)","Capmatinib (INCB28060)","Fudosteine","?"
"011012","Lactulose","Cisatracurium Besylate","Naloxone HCl","Spiramycin","Parecoxib","Propyphenazone (4-Isopropylantipyrine)","Pyridoxal 5′-phosphate hydrate","Ipragliflozin L-Proline","?","Gadoxetate sodium","?"
"011013","Fulvestrant","Butoconazole nitrate","Phenoxybenzamine HCl","Sophoricoside","Meclocycline Sulfosalicylate","Teprenone","Diphenylpyraline hydrochloride","Riociguat (BAY 63-2521)","Sodium Houttuyfonate","NAD+","?"
"011014","Dapagliflozin","Mestranol","Atovaquone","Ifenprodil Tartrate","Rebeprazole sodium","Gamithromycin","Acid Yellow 36","Monomethyl Fumarate","?","Gadoversetamide","?"
"011015","Melatonin","Curcumin","Scopolamine HBr","Helicide","Oxprenolol HCl","Isoprinosine","Drofenine Hydrochloride","Irbinitinib (ARRY-380, ONT-380)","Ebastine","Hygromycin B","?"
"011016","Sulfasalazine","Tebipenem Pivoxil","Pyridoxine HCl","Eprosartan Mesylate","Gluconolactone","Cefmetazole sodium","Methyl cinnamate","Barnidipine","?","Oxytocin (Syntocinon)","?"
"011017","Bleomycin sulfate","Diphenhydramine HCl","Naphazoline HCl","Harmine hydrochloride","Pimozide","Dihydralazine sulphate","Methyl linolenate","Tirofiban Hydrochloride","Amantadine","Amikacin disulfate","?"
"011018","Clotrimazole","Aliskiren Hemifumarate","Biotin (Vitamin B7)","Desvenlafaxine","Rivastigmine","Bendazac","Terephthalic acid","Maleic acid","?","Carperitide Acetate","?"
"011019","Topotecan HCl","Felodipine","Econazole nitrate","Glucosamine sulfate","Mepenzolate Bromide","Difloxacin hydrochloride","Phthalylsulfathiazole","Letermovir(AIC246)","Brigatinib (AP26113)","L-Arginine HCl (L-Arg)","?"
"011020","Sulfameter","(-)-Epigallocatechin Gallate","Estradiol valerate","Sodium Phenylbutyrate","Saxagliptin hydrate","Methyl Aminolevulinate Hydrochloride","Tetraethylammonium bromide","Myosmine","?","Spermine","?"
"011021","Leflunomide","Tropisetron HCl","Tolterodine tartrate","Guaiacol","Bephenium Hydroxynaphthoate","Milbemycin Oxime","lurasidone","Harringtonine","?","Cangrelor Tetrasodium","?"
"011022","Triamcinolone Acetonide","Artesunate","Tylosin tartrate","Pentoxyverine Citrate","(-)-Menthol","Phenolphthalein","L-(+)-Arabinose","Apatinib","?","Potassium sorbate","?"
"011023","FLA_1.2","FLA_1.2","FLA_1.2","FLA_1.2","FLA_1.2","FLA_1.2","FLA_1.2","FLA_1.2","FLA_1.2","?","?"
"011024","FLA_1.2","FLA_1.2","FLA_1.2","FLA_1.2","FLA_1.2","FLA_1.2","FLA_1.2","FLA_1.2","FLA_1.2","?","?"
"012001","HES_5","HES_5","HES_5","HES_5","HES_5","HES_5","HES_5","HES_5","HES_5","?","?"
"012002","HES_5","HES_5","HES_5","HES_5","HES_5","HES_5","HES_5","HES_5","HES_5","?","?"
"012003","Ramelteon","Fluvastatin Sodium","Cortisone acetate","Bornyl acetate","Pindolol","Pramipexole dihydrochloride","Dichlorophene","Dipotassium glycyrrhizinate","?","DL-Glutamine","?"
"012004","Amprenavir","Cinchonidine","Brinzolamide","Penicillin G Sodium","Lauric Acid","Propylparaben","Hexetidine","Treosulfan","?","?","?"
"012005","Aniracetam","Phenindione","Tetracaine HCl","Hederacoside C","Acetazolamide","Xipamide","Midodrine hydrochloride","Scopolamine","?","Netilmicin Sulfate","?"
"012006","Zolmitriptan","Emodin","Ropinirole HCl","Teriflunomide","Anethole trithione","Parecoxib Sodium","Talniflumate","Liranaftate","?","?","?"
"012007","Cilnidipine","Metformin HCl","Brompheniramine hydrogen maleate","Nonivamide","Cefotaxime sodium","Azamethiphos","γ-Linolenic acid","ADP","?","Eprazinone 2HCl","?"
"012008","Isradipine","Hesperidin","Iopromide","Climbazole","Dihydrotestosterone(DHT)","Triprolidine Hydrochloride","Apronal","Pleuromutilin","?","?","?"
"012009","Costunolide","Rimantadine","Gliclazide","(+)-Borneol","Fenofibric acid","Stachyose","Isoeugenol","Uridine 5'-monophosphate","?","Ribostamycin Sulfate","?"
"012010","Amorolfine HCl","Magnolol","Dehydrocostus Lactone","Sasapyrine","N-Acetylneuraminic acid","Vitexin-2-O-rhaMnoside","Permethrin","Pyrithioxin Dihydrochloride","?","?","?"
"012011","Flumazenil","Methscopolamine","Inulin","Lobeline hydrochloride","Salicylic acid","Hydroquinine","Fenoterol hydrobromide","Demecarium Bromide","?","Calcium Gluceptate","?"
"012012","Meprednisone","Orotic acid (6-Carboxyuracil)","Medroxyprogesterone","Tolperisone HCl","Cefuroxime axetil","Molindone hydrochloride","Pinaverium bromide","Alverine","?","?","?"
"012013","Lansoprazole","Elvitegravir (GS-9137, JTK-303)","Clinofibrate","Nordihydroguaiaretic acid (NDGA)","Azelaic acid","Citral","Montelukast","Madecassic acid","?","Eprodisate disodium","?"
"012014","Divalproex Sodium","Rotenone (Barbasco)","Kitasamycin","Benzocaine","Tolmetin","Disopyramide","Triethylenetetramine Dihydrochloride","Imeglimin (EMD 387008) Hydrochloride","?","?","?"
"012015","Doripenem Hydrate","Benidipine HCl","Niraparib (MK-4827)","(+)-α-Lipoic acid","Diatrizoic acid","Chlorotetracycline","pyrvinium","Bepridil hydrochloride","?","4-Aminobutyric acid","?"
"012016","Glipizide","Synephrine","Afloqualone","Piperacillin Sodium","Laurocapram","Hydrocortisone acetate","Embelin","?","?","?","?"
"012017","Mosapride Citrate","Fenticonazole Nitrate","Sofosbuvir (PSI-7977, GS-7977)","Acebutolol HCl","Sulfabenzamide","Nilotinib hydrochloride","Cariprazine HCl","Ozenoxacin","?","VitaMin U","?"
"012018","Levonorgestrel","Aloin","Sulfaphenazole","Pilocarpine HCl","Flucloxacillin sodium","Salmeterol","Glasdegib (PF-04449913)","?","?","?","?"
"012019","Resveratrol","Memantine HCl","Baricitinib (LY3009104, INCB028050)","Tolcapone","Docusate Sodium","Imidocarb dipropionate","DL-Menthol","Etofenamate","?","Fosfomycin Disodium","?"
"012020","Prednisolone","Hematoxylin","Urea","Serotonin HCl","Squalene","Tropisetron","Puromycin 2HCl","?","?","?","?"
"012021","Bimatoprost","Gimeracil","S-Ruxolitinib (INCB018424)","Vitamin D2","Lercanidipine hydrochloride","Isosorbide dinitrate","Canagliflozin hemihydrate","Irisflorentin","?","Nylidrin Hydrochloride","?"
"012022","Nimodipine","Salidroside","Benactyzine hydrochloride","Quinacrine 2HCl","Cefazedone","Ethyl gallate","Darolutamide (ODM-201)","?","?","?","?"
"012023","HES_5","HES_5","HES_5","HES_5","HES_5","HES_5","HES_5","HES_5","HES_5","?","?"
"012024","HES_5","HES_5","HES_5","HES_5","HES_5","HES_5","HES_5","HES_5","HES_5","?","?"
"013001","MEN_40","MEN_40","MEN_40","MEN_40","MEN_40","MEN_40","MEN_40","MEN_40","MEN_40","?","?"
"013002","MEN_40","MEN_40","MEN_40","MEN_40","MEN_40","MEN_40","MEN_40","MEN_40","MEN_40","?","?"
"013003","Bosutinib (SKI-606)","Quetiapine Fumarate","Synephrine HCl","Lifitegrast","Brimonidine Tartrate","Menbutone","Ethacrynic Acid","Picropodophyllin (PPP)","Prazosin HCl","Pamidronate Disodium","Hydralazine HCl"
"013004","Tamsulosin hydrochloride","Moxonidine","Zaltoprofen","Pheniramine Maleate","Mebendazole","Entecavir","Alvimopan","Pneumocandin B0","?","β-Alanine","?"
"013005","Nilotinib (AMN-107)","Toremifene Citrate","Benserazide HCl","Velpatasvir","Demeclocycline HCl","Proxyphylline","Tilmicosin phosphate","Erlotinib","Torsemide","Teicoplanin","Icatibant Acetate"
"013006","Ziprasidone HCl","Moexipril HCl","Bufexamac","Spironolactone","Alcaftadine","Revefenacin","Fingolimod","Triptonide","?","L-lysine","?"
"013007","Enzastaurin (LY317615)","Rifaximin","Domperidone","Boceprevir","Chloroambucil","Benzamidine HCl","(1S)-(-)-α-Pinene","Dibutyryl-cAMP (Bucladesine)","Meclizine 2HCl","L-Glutamine","?"
"013008","Alfacalcidol","Dexmedetomidine HCl","Bepotastine Besilate","cholecalciferol (Vitamin D3)","Cyproheptadine hydrochloride","Adenosine 5'-monophosphate monohydrate","Isonicotinic acid","2-Aminoethyl Diphenylborinate (2-APB)","?","Edetate Trisodium","?"
"013009","Everolimus (RAD001)","Acipimox","Lincomycin HCl","Levothyroxine sodium","Mupirocin","Sulfalene(SMPZ)","Bedaquiline","Ripasudil (K-115) hydrochloride dihydrate","(-)-Huperzine A (HupA)","ATP disodium","?"
"013010","Pralatrexate","Rasagiline Mesylate","Azelnidipine","Zinc Pyrithione","Cefmenoxime hydrochloride","Lincomycin Hydrochloride Monohydrate","β-Caryophyllene","o-Phenanthroline","?","Thiamine pyrophosphate hydrochloride","?"
"013011","Valproic acid sodium salt (Sodium valproate)","Erdosteine","Nateglinide","Cinnamaldehyde","Bromocriptine Mesylate","Tavaborole (AN-2690)","Iguratimod","Macitentan","Mozavaptan","Gabapentin","?"
"013012","Tadalafil","Dronedarone HCl","Chlorhexidine?2HCl","Vitamin A Acetate","Eslicarbazepine Acetate","Pyridoxal phosphate","Terpinen-4-ol","Vindesine sulfate","?","Diquafosol Tetrasodium","?"
"013013","Raltitrexed","Azithromycin","Propafenone HCl","cis-Anethole","Medrysone","Delamanid","Ertapenem sodium","Sivelestat (ONO-5046)","Nuciferine","Methacycline HCl","?"
"013014","Nebivolol HCl","Naftopidil","Etravirine (TMC125)","Pramoxine HCl","Sivelestat sodium tetrahydrate","Ceftezole sodium","Dimethylamine hydrochloride","Clascoterone","?","Bivalirudin Trifluoroacetate","?"
"013015","Bisoprolol fumarate","Daidzein","Sotalol HCl","Gentisic acid","Pentoxifylline","Oxyclozanide","Moxisylyte hydrochloride","Erdafitinib (JNJ-42756493)","Folic acid","Zanamivir","?"
"013016","Candesartan","Bazedoxifene Acetate","Vitamin C","Diminazene Aceturate","Povidone iodine","Cefminox Sodium","Triethyl citrate","Irinotecan","?","Salmon Calcitonin Acetate","?"
"013017","Clofarabine","Dapoxetine HCl","Epinephrine bitartrate","Quercitrin","Cinoxacin","Mephenesin","Isoproterenol sulfate dihydrate","Sodium dichloroacetate (DCA)","Balofloxacin Dihydrate","(R)-baclofen","?"
"013018","Rizatriptan Benzoate","Formestane","Sulfamerazine","Triclabendazole","Deoxycholic acid","Pikamilone","N-Acetylglucosamine","Pyrazole","?","Goserelin Acetate","?"
"013019","2-Methoxyestradiol (2-MeOE2)","Deflazacort","Miconazole","Camphor","Aceclidine HCl","Bevantolol hydrochloride","Alvimopan dihydrate","Malic acid","Gefitinib hydrochloride","Thiamine HCl (Vitamin B1)","?"
"013020","Prilocaine","4-Methylumbelliferone (4-MU)","Articaine HCl","Troxipide","Vitamin K1","Dibutyl phthalate","Chlorhexidine diacetate","2-Methylpentanoic acid","?","Sodium stibogluconate","?"
"013021","Enzalutamide (MDV3100)","Nicotinamide (Vitamin B3)","Sulbactam sodium","Indigo","Camylofin Chlorhydrate","Dinoprost tromethamine","atorvastatin","Pulegone","?","Acamprosate Calcium","?"
"013022","Orlistat","Asiatic Acid","Benztropine mesylate","Azithromycin Dihydrate","Evans Blue","Chlorhexidine","Androsterone","Hemin","?","?","?"
"013023","MEN_40","MEN_40","MEN_40","MEN_40","MEN_40","MEN_40","MEN_40","MEN_40","MEN_40","?","?"
"013024","MEN_40","MEN_40","MEN_40","MEN_40","MEN_40","MEN_40","MEN_40","MEN_40","MEN_40","?","?"
"014001","MIT_3","MIT_3","MIT_3","MIT_3","MIT_3","MIT_3","MIT_3","MIT_3","MIT_3","?","?"
"014002","MIT_3","MIT_3","MIT_3","MIT_3","MIT_3","MIT_3","MIT_3","MIT_3","MIT_3","?","?"
"014003","Cinacalcet HCl","Tioconazole","Clomifene citrate","Sophoridine","Misoprostol","Losartan","Triiodothyronine","Sinensetin","?","L-SelenoMethionine","?"
"014004","Albendazole","Cinchonine(LA40221)","Carbenicillin disodium","Benzoic Acid","Cinnarizine","Sultamicillin Tosylate","Zucapsaicin","Perhexiline maleate","?","?","?"
"014005","Artemisinin","Alibendol","Tetracycline HCl","Lathyrol","17-Hydroxyprogesterone","Regorafenib Monohydrate","Midodrine","Carboprost","?","Bismuth Subcitrate Potassium","?"
"014006","Telbivudine","Enoxolone","Ticarcillin sodium","Coumarin","Ondansetron Hydrochloride Dihydrate","1,4-Cineole","Halazone","Ecamsule.2Na","?","?","?"
"014007","Cilostazol","Methoxsalen","Dimethyl Fumarate","Valproic acid","Chloroxylenol","p-Anisaldehyde","Morantel tartrate","Neryl acetate","?","Amprolium HCl","?"
"014008","Estrone","Honokiol","Fexofenadine HCl","Mezlocillin Sodium","p-Coumaric Acid","Sofalcone","Delavirdine (mesylate)","Almitrine mesylate","?","?","?"
"014009","Dexamethasone (DHAP)","Primidone","Acemetacin","Vanillyl Butyl Ether","Furazolidone","lutein","Methyl linoleate","10-Undecenoic acid","?","Capreomycin Sulfate","?"
"014010","Chloramphenicol","(+)-Matrine","Asiaticoside","Cyclandelate","Drostanolone Propionate","Saikosaponin A","Amezinium (methylsulfate)","Regorafenib Hydrochloride","?","?","?"
"014011","Fluoxetine HCl","Amiodarone HCl","Lonidamine","(+)-Catechin hydrate","Triclosan","Doramectin","Fenoterol","Methysergide Maleate","?","Ceftazidime Pentahydrate","?"
"014012","Betamethasone Valerate","Osthole","Cefpirome sulfate","Florfenicol","L-Cysteine HCl","Prilocaine hydrochloride","Eicosapentaenoic Acid","Pemetrexed","?","?","?"
"014013","Levetiracetam","Maraviroc","Ciprofibrate","Methyl 4-hydroxybenzoate","Bithionol","Pyrithioxin","Vancomycin","Danazol","?","Pralidoxime chloride","?"
"014014","Emtricitabine","Rutaecarpine","Mafenide Acetate","Montelukast Sodium","Cefoxitin sodium","Lomefloxacin","clobetasone butyrate","Bradykinin","?","?","?"
"014015","Gestodene","Formoterol Hemifumarate","Canagliflozin","Pergolide Mesylate","Diethylcarbamazine citrate","Benzyl cinnamate","Linoleic acid","Indinavir Sulfate","?","Choline bitartrate","?"
"014016","Glyburide (Glibenclamide)","Tanshinone I","Flupenthixol dihydrochloride","Mevastatin","Potassium acetate","Ilaprazole sodium","Duvelisib (IPI-145, INK1197)","?","?","?","?"
"014017","Nafamostat Mesylate","Rebamipide","Lonafarnib","Ampiroxicam","Terpin hydrate","Benzylpenicillin potassium","Xylometazoline","Apraclonidine HCl","?","Glycine","?"
"014018","Gemfibrozil","Ammonium Glycyrrhizinate","Levamlodipine","Phenazopyridine HCl","Tafluprost","Acetophenone","BAF312 (Siponimod)","?","?","?","?"
"014019","Rocuronium Bromide","Cyproheptadine HCl","Carfilzomib (PR-171)","Probenecid","Amodiaquine dihydrochloride dihydrate","Abacavir","Cortisone","Siramesine HCl","?","Pipemidic acid","?"
"014020","Telmisartan","Indirubin","Ethidium bromide","Tranylcypromine (2-PCPA) HCl","Cefetamet pivoxil hydrochloride","Olprinone","Ribociclib (LEE011)","?","?","?","?"
"014021","Linezolid","Cyclophosphamide Monohydrate","Lumiracoxib","Doxapram HCl","Benzyl benzoate","Fenretinide","Anagliptin","Dihydrocapsaicin","?","Dimemorfan phosphate","?"
"014022","Nisoldipine","Palmatine chloride","Phenethyl alcohol","Buspirone HCl","Cephapirin Benzathine","Amenamevir","Ledipasvir (GS5885)","?","?","?","?"
"014023","MIT_3","MIT_3","MIT_3","MIT_3","MIT_3","MIT_3","MIT_3","MIT_3","MIT_3","?","?"
"014024","MIT_3","MIT_3","MIT_3","MIT_3","MIT_3","MIT_3","MIT_3","MIT_3","MIT_3","?","?"
"015001","PLU_20","PLU_20","PLU_20","PLU_20","PLU_20","PLU_20","PLU_20","PLU_20","PLU_20","?","?"
"015002","PLU_20","PLU_20","PLU_20","PLU_20","PLU_20","PLU_20","PLU_20","PLU_20","PLU_20","?","?"
"015003","Dasatinib","Rifampin","Guanosine","Boldenone Undecylenate","Diacerein","Nikethamide","2-Hydroxybenzyl alcohol","Sacubitril/valsartan (LCZ696)","Ofloxacin","Gabapentin HCl","Besifloxacin HCl"
"015004","Tianeptine sodium","Ozagrel HCl","Pazopanib","Estradiol Cypionate","Dapson","Selamectin","Cefazolin","Dehydroandrographolide Succinate","?","Tobramycin sulfate","?"
"015005","Pazopanib HCl (GW786034 HCl)","Ethionamide","Bupivacaine HCl","Selexipag","Meclofenoxate (Centrophenoxine) HCl","Asunaprevir","Arabic gum","Docetaxel Trihydrate","Eplerenone","Varenicline Tartrate","Plerixafor (AMD3100)"
"015006","Zonisamide","Clevidipine Butyrate","Lamotrigine","Retapamulin","Ethosuximide","Ufenamate","Cefoxitin","Fadrozole","?","L-Alanine","?"
"015007","Olaparib (AZD2281, Ku-0059436)","Bacitracin Zinc","Estriol","Umeclidinium bromide","Metoclopramide HCl","Linalool","(1R)-(-)-Menthyl acetate","Oleuropein","Epalrestat","Gadodiamide Hydrate","?"
"015008","Safinamide Mesylate","Betaxolol","Fosaprepitant dimeglumine salt","Escitalopram Oxalate","Teneligliptin hydrobromide","Ramatroban","2-Naphthol","Rimegepant (BMS-927711)","?","edetate calcium disodium","?"
"015009","Malotilate","Aciclovir","Loperamide HCl","Sodium benzoate","Dicoumarol","Efonidipine","Ammonium lactate","Entrectinib (RXDX-101)","Diosmin","Procarbazine HCl","?"
"015010","Cefaclor","Naltrexone HCl","Alverine Citrate","Propranolol HCl","Dantrolene sodium hemiheptahydrate","Vidarabine monohydrate","Congo Red","3'-Fluoro-3'-deoxythymidine (Alovudine)","?","Malachite green","?"
"015011","Regorafenib (BAY 73-4506)","Betaxolol HCl","Nitrendipine","Tanshinone IIA sulfonate (sodium)","Carbadox","Avermectin B1","Hydroxyzine pamoate","Vorapaxar","Droxidopa","Kanamycin sulfate","?"
"015012","Cyclosporine","Conivaptan HCl","Piracetam","Lomerizine 2HCl","Hydroquinidine","Octinoxate","Maltotriose","Brilliant Blue G","?","Aprotinin","?"
"015013","Thalidomide","Albendazole Oxide","Pyrantel Pamoate","Ginkgolide C","Mesoridazine Besylate","Brivudine","Omeprazole Sodium","Halofuginone","Vincamine","Lomefloxacin HCl","?"
"015014","Pimobendan","S- (+)-Rolipram","Ulipristal Acetate (CDB 2914)","Difluprednate","Lidocaine hydrochloride","Sulbenicillin Sodium","Butylated hydroxytoluene","Capric acid","?","Eptifibatide Acetate","?"
"015015","Tivozanib (AV-951)","Bifonazole","Spectinomycin 2HCl","Trigonelline Hydrochloride","Piromidic Acid","Indobufen","Fruquintinib","Troglitazone (CS-045)","Dolutegravir Sodium","Plerixafor 8HCl (AMD3100 8HCl)","?"
"015016","Bestatin","Rosuvastatin Calcium","Sulfathiazole","Closantel Sodium","Terazosin HCl","Cefpiramide sodium","Methyl nicotinate","Staurosporine","?","Terlipressin Acetate","?"
"015017","Dacarbazine","Valaciclovir HCl","Phenytoin Sodium","Loganin","Glafenine HCl","Terconazole","Desoximetasone","Ipragliflozin (ASP1941)","Xanthopterin Hydrate","Caspofungin Acetate","?"
"015018","Pyridostigmine Bromide","Irinotecan HCl Trihydrate","Sulfamethazine","Histamine 2HCl","Escin","Alogliptin","1,2-Propanediol","2-Deoxy-D-ribose","?","(6-)ε-Aminocaproic acid","?"
"015019","Letrozole","Nizatidine","Secnidazole","Tetrahydropalmatine hydrochloride","Imipramine HCl","Benorylate","Fenipentol","L-Fucose","Sulfaquinoxaline sodium","Citicoline sodium","?"
"015020","Darunavir Ethanolate","Esculin","Gliquidone","Levodropropizine","Etretinate","Dimethyl phthalate","Octanoic acid","D-Mannosamine hydrochloride","?","HEPES","?"
"015021","Dienogest","Vitamin B12","Azelastine HCl","Scopoletin","Cephapirin Sodium","Revaprazan Hydrochloride","Abemaciclib","Berbamine","?","isoleucine","?"
"015022","Allopurinol","Baicalein","Altrenogest","Ampicillin Trihydrate","Isatin","Nefazodone hydrochloride","Glucosamine","Indole","?","?","?"
"015023","PLU_20","PLU_20","PLU_20","PLU_20","PLU_20","PLU_20","PLU_20","PLU_20","PLU_20","?","?"
"015024","PLU_20","PLU_20","PLU_20","PLU_20","PLU_20","PLU_20","PLU_20","PLU_20","PLU_20","?","?"
"016001","t-BHP_100","t-BHP_100","t-BHP_100","t-BHP_100","t-BHP_100","t-BHP_100","t-BHP_100","t-BHP_100","t-BHP_100","?","?"
"016002","t-BHP_100","t-BHP_100","t-BHP_100","t-BHP_100","t-BHP_100","t-BHP_100","t-BHP_100","t-BHP_100","t-BHP_100","?","?"
"016003","Celecoxib","Tropicamide","Cloxacillin Sodium","Hydroxy Camptothecine","Trimipramine Maleate","Dabrafenib Mesylate","Tetryzoline","Isofraxidin","?","Pemirolast potassium","?"
"016004","Chlorothiazide","Colchicine","Eletriptan HBr","Benzethonium Chloride","Perphenazine","Squalane","Clemizole","Ginsenoside Ro","?","?","?"
"016005","Asenapine maleate","Triamcinolone","Xylometazoline HCl","Ginsenoside Rg1","4-Aminoantipyrine","Osimertinib mesylate","Benzathine penicilline","Orcinol","?","Tetramisole HCl","?"
"016006","Monobenzone","Formononetin","Azlocillin sodium salt","Choline Chloride","Citalopram HBr","Clindamycin alcoholate","Riboflavin Tetrabutyrate","Mebrofenin","?","?","?"
"016007","Floxuridine","Miconazole Nitrate","Miglitol","L-Cycloserine","2-Aminoheptane","Tianeptine","Chlorpromazine","5,7-Dihydroxy-4-methylcoumarin","?","Bacitracin","?"
"016008","Flucytosine","Hyodeoxycholic acid (HDCA)","Moclobemide (Ro 111163)","Nicardipine HCl","Melibiose","Sanguinarine chloride","Bicyclol","Pipobroman","?","?","?"
"016009","Doxazosin Mesylate","Nefiracetam","Tioxolone","Nifuratel","i-Inositol","Proanthocyanidins","Citric acid","Undecanoic acid","?","Proflavine Hemisulfate","?"
"016010","Flurbiprofen","Morin Hydrate","Acetylspiramycin (ASPM)","Cinchophen","Trenbolone acetate","Pivmecillinam hydrochloride","Tafamidis","Levobupivacaine","?","?","?"
"016011","Flupirtine maleate","Adenine HCl","Ethisterone","Protocatechuic acid","Trihexyphenidyl hydrochloride","Olivetol","Proflavine","Methenamine Hippurate","?","Guanethidine Sulfate","?"
"016012","Praziquantel","Oxymatrine","Cefamandole nafate","Verapamil HCl","Diatrizoate sodium","Tribenzagan Hydrochloride","Octodrine (2-Amino-6-methylheptan)","Purine","?","?","?"
"016013","Lidocaine","Raltegravir (MK-0518)","Dolutegravir (GSK1349572)","L(+)-Arabinose","Bronopol","Citropten","Dronedarone","(−)-Norepinephrine","?","Eflornithine hydrochloride hydrate","?"
"016014","Progesterone","Rutin","Amlexanox","Dirithromycin","Propantheline bromide","Econazole","Methylprednisolone hemisuccinate","Linalyl Acetate","?","?","?"
"016015","Drospirenone","Chlormezanone","Alectinib (CH5424802)","Cabozantinib malate (XL184)","Diiodohydroxyquinoline","Kojic acid","L-Pyroglutamic acid","Sapropterin Dihydrochloride","?","D-(+)-Cellobiose","?"
"016016","Fomepizole","Tanshinone IIA","Ilaprazole","Erythritol","Cefcapene Pivoxil Hydrochloride","Ropivacaine","Tezacaftor?(VX-661)","?","?","?","?"
"016017","Naftopidil DiHCl","Aspartame","Dabrafenib (GSK2118436)","Desloratadine","Tyloxapol","Ciprofloxacin hydrochloride hydrate","Trazodone","Norethisterone Enanthate","?","Manganese chloride","?"
"016018","Indapamide","Butylscopolamine Bromide","Umbelliferone","Primaquine Diphosphate","Gadopentetate Dimeglumine","Geraniol","Selinexor (KPT-330)","?","?","?","?"
"016019","Stavudine (d4T)","Doxifluridine","Alogliptin（SYK-322）benzoate","Procaine HCl","Dithranol","Arformoterol Tartrate","Trans-Tranilast","Selpercatinib (LOXO-292, ARRY-192)","?","Methotrexate disodium","?"
"016020","Thiabendazole","Lappaconite HBr","Pargyline hydrochloride","Prucalopride Succinate","Nicarbazin","Landiolol hydrochloride","Osilodrostat (LCI699)","?","?","?","?"
"016021","Alfuzosin HCl","Tolnaftate","Pirfenidone","Dibucaine HCl","Benzyl alcohol","Nintedanib Ethanesulfonate Salt","Bictegravir","Magnolin","?","Cephradine monohydrate","?"
"016022","Octocrylene","Sodium Danshensu","4-Methylbenzylidene camphor","Alizapride HCl","Robenidine Hydrochoride","Kasugamycin hydrochloride","Abscisic Acid (Dormin）","?","?","?","?"
"016023","t-BHP_100","t-BHP_100","t-BHP_100","t-BHP_100","t-BHP_100","t-BHP_100","t-BHP_100","t-BHP_100","t-BHP_100","?","?"
"016024","t-BHP_100","t-BHP_100","t-BHP_100","t-BHP_100","t-BHP_100","t-BHP_100","t-BHP_100","t-BHP_100","t-BHP_100","?","?"
